-- MariaDB dump 10.19  Distrib 10.11.4-MariaDB, for debian-linux-gnu (x86_64)
--
-- Host: 127.0.0.1    Database: flp
-- ------------------------------------------------------
-- Server version	8.2.0

/*!40101 SET @OLD_CHARACTER_SET_CLIENT=@@CHARACTER_SET_CLIENT */;
/*!40101 SET @OLD_CHARACTER_SET_RESULTS=@@CHARACTER_SET_RESULTS */;
/*!40101 SET @OLD_COLLATION_CONNECTION=@@COLLATION_CONNECTION */;
/*!40101 SET NAMES utf8mb4 */;
/*!40103 SET @OLD_TIME_ZONE=@@TIME_ZONE */;
/*!40103 SET TIME_ZONE='+00:00' */;
/*!40014 SET @OLD_UNIQUE_CHECKS=@@UNIQUE_CHECKS, UNIQUE_CHECKS=0 */;
/*!40014 SET @OLD_FOREIGN_KEY_CHECKS=@@FOREIGN_KEY_CHECKS, FOREIGN_KEY_CHECKS=0 */;
/*!40101 SET @OLD_SQL_MODE=@@SQL_MODE, SQL_MODE='NO_AUTO_VALUE_ON_ZERO' */;
/*!40111 SET @OLD_SQL_NOTES=@@SQL_NOTES, SQL_NOTES=0 */;

--
-- Table structure for table `doctrine_migration_versions`
--

DROP TABLE IF EXISTS `doctrine_migration_versions`;
/*!40101 SET @saved_cs_client     = @@character_set_client */;
/*!40101 SET character_set_client = utf8 */;
CREATE TABLE `doctrine_migration_versions` (
  `version` varchar(191) CHARACTER SET utf8mb3 COLLATE utf8mb3_unicode_ci NOT NULL,
  `executed_at` datetime DEFAULT NULL,
  `execution_time` int DEFAULT NULL,
  PRIMARY KEY (`version`)
) ENGINE=InnoDB DEFAULT CHARSET=utf8mb3 COLLATE=utf8mb3_unicode_ci;
/*!40101 SET character_set_client = @saved_cs_client */;

--
-- Dumping data for table `doctrine_migration_versions`
--

LOCK TABLES `doctrine_migration_versions` WRITE;
/*!40000 ALTER TABLE `doctrine_migration_versions` DISABLE KEYS */;
/*!40000 ALTER TABLE `doctrine_migration_versions` ENABLE KEYS */;
UNLOCK TABLES;

--
-- Table structure for table `image`
--

DROP TABLE IF EXISTS `image`;
/*!40101 SET @saved_cs_client     = @@character_set_client */;
/*!40101 SET character_set_client = utf8 */;
CREATE TABLE `image` (
  `id` int NOT NULL AUTO_INCREMENT,
  `product_id` int DEFAULT NULL,
  `image_name` varchar(255) CHARACTER SET utf8mb4 COLLATE utf8mb4_unicode_ci NOT NULL,
  `updated_at` datetime NOT NULL,
  PRIMARY KEY (`id`),
  KEY `IDX_C53D045F4584665A` (`product_id`),
  CONSTRAINT `FK_C53D045F4584665A` FOREIGN KEY (`product_id`) REFERENCES `product` (`id`)
) ENGINE=InnoDB AUTO_INCREMENT=6 DEFAULT CHARSET=utf8mb4 COLLATE=utf8mb4_unicode_ci;
/*!40101 SET character_set_client = @saved_cs_client */;

--
-- Dumping data for table `image`
--

LOCK TABLES `image` WRITE;
/*!40000 ALTER TABLE `image` DISABLE KEYS */;
INSERT INTO `image` (`id`, `product_id`, `image_name`, `updated_at`) VALUES (1,NULL,'aloe-vera-barbadensis-p227-1492-image-656e967a56282589631067.jpg','2023-12-05 03:18:18'),
(2,NULL,'aloe-vera-barbadensis-p227-25259-image-656e96866b64a215465843.png','2023-12-05 03:18:30'),
(3,NULL,'aloe-vera-barbadensis-p227-25260-image-656e9696a8003878527624.png','2023-12-05 03:18:46'),
(4,NULL,'aloe-vera-barbadensis-p227-25261-image-656e96a3b1b6e163460377.png','2023-12-05 03:18:59'),
(5,NULL,'aloe-vera-barbadensis-p227-25262-image-656e96b792982174864315.png','2023-12-05 03:19:19');
/*!40000 ALTER TABLE `image` ENABLE KEYS */;
UNLOCK TABLES;

--
-- Table structure for table `measurement`
--

DROP TABLE IF EXISTS `measurement`;
/*!40101 SET @saved_cs_client     = @@character_set_client */;
/*!40101 SET character_set_client = utf8 */;
CREATE TABLE `measurement` (
  `id` int NOT NULL AUTO_INCREMENT,
  `title` varchar(50) CHARACTER SET utf8mb4 COLLATE utf8mb4_unicode_ci NOT NULL,
  PRIMARY KEY (`id`)
) ENGINE=InnoDB AUTO_INCREMENT=7 DEFAULT CHARSET=utf8mb4 COLLATE=utf8mb4_unicode_ci;
/*!40101 SET character_set_client = @saved_cs_client */;

--
-- Dumping data for table `measurement`
--

LOCK TABLES `measurement` WRITE;
/*!40000 ALTER TABLE `measurement` DISABLE KEYS */;
INSERT INTO `measurement` (`id`, `title`) VALUES (1,'милилитра'),
(2,'грама'),
(3,'килограм'),
(4,'килограма'),
(5,'литра'),
(6,'литър');
/*!40000 ALTER TABLE `measurement` ENABLE KEYS */;
UNLOCK TABLES;

--
-- Table structure for table `messenger_messages`
--

DROP TABLE IF EXISTS `messenger_messages`;
/*!40101 SET @saved_cs_client     = @@character_set_client */;
/*!40101 SET character_set_client = utf8 */;
CREATE TABLE `messenger_messages` (
  `id` bigint NOT NULL AUTO_INCREMENT,
  `body` longtext CHARACTER SET utf8mb4 COLLATE utf8mb4_unicode_ci NOT NULL,
  `headers` longtext CHARACTER SET utf8mb4 COLLATE utf8mb4_unicode_ci NOT NULL,
  `queue_name` varchar(190) CHARACTER SET utf8mb4 COLLATE utf8mb4_unicode_ci NOT NULL,
  `created_at` datetime NOT NULL,
  `available_at` datetime NOT NULL,
  `delivered_at` datetime DEFAULT NULL,
  PRIMARY KEY (`id`),
  KEY `IDX_75EA56E0FB7336F0` (`queue_name`),
  KEY `IDX_75EA56E0E3BD61CE` (`available_at`),
  KEY `IDX_75EA56E016BA31DB` (`delivered_at`)
) ENGINE=InnoDB DEFAULT CHARSET=utf8mb4 COLLATE=utf8mb4_unicode_ci;
/*!40101 SET character_set_client = @saved_cs_client */;

--
-- Dumping data for table `messenger_messages`
--

LOCK TABLES `messenger_messages` WRITE;
/*!40000 ALTER TABLE `messenger_messages` DISABLE KEYS */;
/*!40000 ALTER TABLE `messenger_messages` ENABLE KEYS */;
UNLOCK TABLES;

--
-- Table structure for table `product`
--

DROP TABLE IF EXISTS `product`;
/*!40101 SET @saved_cs_client     = @@character_set_client */;
/*!40101 SET character_set_client = utf8 */;
CREATE TABLE `product` (
  `id` int NOT NULL AUTO_INCREMENT,
  `measurement_id` int DEFAULT NULL,
  `category_id` int DEFAULT NULL,
  `title` varchar(255) CHARACTER SET utf8mb4 COLLATE utf8mb4_unicode_ci NOT NULL,
  `sub_title` varchar(255) COLLATE utf8mb4_unicode_ci NOT NULL,
  `description` longtext CHARACTER SET utf8mb4 COLLATE utf8mb4_unicode_ci NOT NULL,
  `code` varchar(255) CHARACTER SET utf8mb4 COLLATE utf8mb4_unicode_ci NOT NULL,
  `amount` varchar(255) COLLATE utf8mb4_unicode_ci NOT NULL,
  `price` decimal(7,2) NOT NULL,
  `ingredients` varchar(2000) COLLATE utf8mb4_unicode_ci DEFAULT NULL,
  `recommended_use` longtext COLLATE utf8mb4_unicode_ci,
  `storage_conditions` longtext COLLATE utf8mb4_unicode_ci,
  `main_characteristics` longtext COLLATE utf8mb4_unicode_ci,
  PRIMARY KEY (`id`),
  KEY `IDX_D34A04AD924EA134` (`measurement_id`),
  KEY `IDX_D34A04AD12469DE2` (`category_id`),
  CONSTRAINT `FK_D34A04AD12469DE2` FOREIGN KEY (`category_id`) REFERENCES `product_category` (`id`),
  CONSTRAINT `FK_D34A04AD924EA134` FOREIGN KEY (`measurement_id`) REFERENCES `measurement` (`id`)
) ENGINE=InnoDB AUTO_INCREMENT=12 DEFAULT CHARSET=utf8mb4 COLLATE=utf8mb4_unicode_ci;
/*!40101 SET character_set_client = @saved_cs_client */;

--
-- Dumping data for table `product`
--

LOCK TABLES `product` WRITE;
/*!40000 ALTER TABLE `product` DISABLE KEYS */;
INSERT INTO `product` (`id`, `measurement_id`, `category_id`, `title`, `sub_title`, `description`, `code`, `amount`, `price`, `ingredients`, `recommended_use`, `storage_conditions`, `main_characteristics`) VALUES (1,6,3,'Aloe Drinks TriPack','ТриПак - алое напитки','Нашето алое вера се отглежда в плодородна почва и при климат с над 2 000 слънчеви часа годишно. Представете си, че разрязвате листо от растението и изпивате гела директно от вътрешността му. Напитката, която ви предлагаме, е възможно най-близка до свежото растение и е сертифицирана от Международния научен съвет за алое за чистотата и качеството си.\r\n<br/><br/>\r\nАлое вера притежава естествени изчистващи свойства, които помагат на храносмилателната система да усвоява полезните вещества от приеманите храни, като същевременно допринася и за растежа на полезните чревни бактерии. То е чудесно и за кожата, а уникалният полизахарид ацеманан и другите нутриенти в състава му допринасят за подкрепа на имунната система. Всъщност ацемананът е един от ключовите маркери, с който Международният научен съвет за алое определя качеството на алое вера. Гелът на Форевър съдържа близо два пъти по-високо количество от изискваното за сертифициране. Сега напитката съдържа и много витамин C, който пък допринася за нормалната функция на имунната система и за нормалното протичане на метаболизма и производството на енергия.\r\n<br/><br/>\r\nГелът от алое вера на Форевър се преработва асептично, което ни позволява да не добавяме никакви консерванти. Новата ни формула може да се похвали с 99,7% чист гел от вътрешността на листата на растението, внимателно извлечен на ръка, за да се наслаждавате на истинската сила на природата. Сега в Тетра Пак опаковка, изработена от 100% рециклируеми материали, гелът от алое вера ви дава възможност да се насладите на свежия вкус на неразреденото алое вера с всички негови полезни съставки - така, както природата го е създала.','715','1',15999.00,'Хидролизиран рибен колаген (вода, хидролизиран рибен колаген (21,4%)), плодов сок [ябълка (Malus domestica), ацерола (Malpighia glabra L.)] концентрат (19.6%), подсладител (еритритол, стевиол гликозиди), регулатор на киселинността (лимонена киселина), витамин C (натриев аскорбат), сгъстител (акациева гума, пектин), l-изолевцин, витамин A (бета каротин), концентрат сок от морков (Daucus carota L.), екстракт от плод годжи (Lycium barbarum L.), аромат (грозде мускат, авокадо), екстракт от листа на зелен чай (Camellia sinensis L.), цинк (цинков глюконат), емулгатор (лецитин), коензим Q10, консервант (калиев сорбат), екстракт от черен пипер (Piper nigrum), биотин (D-биотин). Алергените са отбелязани в получер шрифт.','Изпивайте по едно пакетче на ден.',NULL,'Спомага за подобряване на хидратацията на кожата.\r\nДопринася за подобряване на структурата на кожата.\r\nСъдейства за по-стегнат вид на кожата.\r\nПодкрепя здравето на кожата.'),
(2,6,1,'Aloe Vera Gel','Гел от алое вера','Нашето алое вера се отглежда в плодородна почва и при климат с над 2 000 слънчеви часа годишно. Представете си, че разрязвате листо от растението и изпивате гела директно от вътрешността му. Напитката, която ви предлагаме, е възможно най-близка до свежото растение и е сертифицирана от Международния научен съвет за алое за чистотата и качеството си.\r\n\r\nАлое вера притежава естествени изчистващи свойства, които помагат на храносмилателната система да усвоява полезните вещества от приеманите храни, като същевременно допринася и за растежа на полезните чревни бактерии. То е чудесно и за кожата, а уникалният полизахарид ацеманан и другите нутриенти в състава му допринасят за подкрепа на имунната система. Всъщност ацемананът е един от ключовите маркери, с който Международният научен съвет за алое определя качеството на алое вера. Гелът на Форевър съдържа близо два пъти по-високо количество от изискваното за сертифициране. Сега напитката съдържа и много витамин C, който пък допринася за нормалната функция на имунната система и за нормалното протичане на метаболизма и производството на енергия.','71612','3 x 1',25999.00,NULL,NULL,NULL,NULL),
(3,1,1,'Aloe Berry Nectar','Алое бери нектар','Форевър алое бери нектарът съдържа 90,7% гел от вътрешността на листата на растението плюс натурални плодови концентрати, за да подкрепя имунната ви система и да ви зарежда с жизненост.\r\n<br/><br/>\r\nАлоето притежава естествени изчистващи свойства, които помагат на храносмилателната система да усвоява полезните вещества от приеманите храни, като същевременно допринася за растежа на полезните чревни бактерии. То е чудесно и за кожата, а уникалният полизахарид ацеманан и другите нутриенти в състава му допринасят за подкрепа на имунната система.\r\n<br/><br/>\r\nЕксплозия от червени боровинки и ароматни ябълки придава на тази напитка сладък и приятно тръпчив вкус от натурални източници. Наричат червените боровинки суперхрана, защото антиоксидантната им сила е 20 пъти по-висока от тази на витамин С, а и техните проантоцианидини предлагат подкрепа за пикочната система. Специалният фитонутриент в ябълките – кверцетинът, също е мощен антиоксидант. Тези великолепни съставки плюс 90,7% чист гел от вътрешността на листата на алое вера превръщат този нектар в отличен избор.\r\n<br/><br/>\r\nАлое бери нектарът на Форевър се преработва асептично, което ни позволява да не добавяме никакви консерванти. Сега в Тетра Пак опаковка, изработена от 100% рециклируеми материали, алое бери нектарът ви дава възможност да се насладите на свежия вкус на неразреденото алое вера с всички негови полезни съставки - така, както природата го е създала.','73512','12 x 330',23812.00,'Стабилизиран гел от алое вера [гел от алое вера (90,7%), витамин С (аскорбинова киселина), антиоксидант (аскорбинова киселина), регулатор на киселинността (лимонена киселина)], натурален концентрат от ябълков сок, фруктоза, натурален концентрат от червени боровинки.','Разклатете добре преди употреба! Три приема дневно по 40 мл. Сипвайте всяка доза в чаша и разреждайте в 240 мл вода или сок. Сипвайте напитката в чаша, не пийте директно от опаковката, за да не попадат в нея бактерии, които могат да ускорят развалянето.','На сухо и хладно място. След отваряне съхранявайте изправен в хладилник (макс. 7°С) и консумирайте до 30 дни. Не вдигайте опаковката за гърлото, за да не я повредите.','90,7% чист гел от вътрешността на листата\r\nБез консерванти\r\nПодпомага храносмилането\r\nПодкрепя имунната система\r\nЧервените боровинки допринасят за здравето на пикочната система\r\nСъдейства за поддържане на естествените енергийни нива'),
(4,1,1,'FAB Forever Active Boost','ФАБ енергийна напитка','Дайте си тласъка, който ви е необходим, за да се справите с деня си с енергийната напитка ФАБ. Тя съдържа витамини B6 и B12, които допринасят за намаляване на чувството за умора и за контрол върху психични функции като мислене, емоции и интуиция.\r\n<br/><br/>\r\nФАБ е вкусна комбинация от екзотични аромати от гуарана, екстракти от асаи и ацерола, плюс червени боровинки. Доверете се на ФАБ винаги когато имате нужда от допълнителен тласък.\r\n<br/><br/>\r\nТой има мощно действие с екстракти от кафе, таурин и глюкоронолактон, съчетани с витамини B2 и B3 в подкрепа на нормалната функция на нервната система, метаболизма и производството на енергия.\r\n<br/><br/>\r\nНосете прогресивната енергийна напитка на Форевър навсякъде, за да можете винаги да презаредите, когато енергията ви спадне.','721','269',858.00,'Газирана вода, захароза, регулатори на киселинността (лимонена киселина, тринатриев цитрат), таурин, глюкоронолактон, аромати (гуарана, тути фрути), витамини [ниацин (никотинамид), витамин B6 (пиридоксин хидрохлорид), рибофлавин, витамин B12 (цианокобаламин)], екстракт от зърна на кафе (coffea arabica), сок от червени боровинки (Vaccinium macrocarpon) на прах, консервант (калиев сорбат), инозитол, екстракт от плодов сок на асаи (Euterpe sp.), екстракт от семе на гуарана (Paullinia cupana), плодов сок от ацерола (Malpighia emarginata) на прах, оцветител (сулфит амония карамел).\r\n<b>Високо съдържание на кофеин (32 mg/100 ml). Не се препоръва за деца, бременни жени или кърмачки.</b>',NULL,NULL,'С високо съдържание на витамини В2, В3, В6 и В12.\r\n100% рециклируем алуминий.\r\n86 мг кофеин в опаковка.\r\nВитамини В6 и В12 подкрепят нормалната функция на имунната система.\r\nОбогатен с аминокиселината таурин.\r\nПоднасяйте изстуден.\r\nБез глутен.\r\nПодходящ за вегетарианци.'),
(5,2,5,'C9','','Програма C9 ще ви помогне да поемете по пътя към своята по-здрава и по-елегантна същност. Този ефективен и лесен за спазване режим ще ви предостави необходимите инструменти да започнете да преобразявате тялото си още днес!','0000','1',27032.00,NULL,NULL,NULL,NULL),
(6,2,6,'Aloe Lips','Алое липс','Успокояващите свойства на алое вера са изключително подходящи за вашите устни. Те ги предпазват от слънцето и вятъра. Съчетахме най-добрите съставки, като масло от жожоба и пчелен восък, за да ви предложим най-ефикасния в света продукт за устни, подходящ за употреба през цялата година.\r\nБалсамът „Алое липс“ успокоява, омекотява и овлажнява напукани и сухи устни и защитава дори в най-екстремни атмосферни условия.\r\nНо това не е всичко. Независимо дали карате ски или правите слънчеви бани край реката или пък сте на барбекю в двора, нека „Алое липс“ ви е винаги под ръка. Той е идеална първа помощ при ухапвания, леки порязвания или изгаряния, а с компактния си размер лесно се побира в личната чанта или семейната аптечка.','022','4,25',800.00,NULL,'Редовно нанасяйте на устните, за да ги овлажните, особено в сурови атмосферни условия. Като средство за първа помощ нанесете върху леки порезни рани, изгаряния или ухапвания.',NULL,'Овлажняващ устните балсам.\r\nЧудесен за първа помощ.\r\nБлясък за устни.\r\nЗащита при високи и ниски температури.'),
(7,1,4,'Aloe First','Успокояващ алое спрей','Алое фърст е прекрасна добавка към всяка аптечка за първа помощ. Тази изключителна формула защитава кожата от инфекции и възпаления. Създаден с висок процент стабилизиран гел от алое вера, Алое фърст съдържа и други подбрани съставки, поради което е незаменим продукт за различни кожни проблеми.\r\nПчелният прополис увеличава естествените антибиотични свойства на алое вера.\r\nАлантоинът защитава кожата и се среща в множество растения, включително във външната кора на листата на алоето.<br/>\r\nЕдинайсет внимателно подбрани билки, известни с благотворните си свойства, са добавени за още по-силен ефект.<br/>\r\nВсички тези съставки се съчетават в един естествено успокояващ спрей, подходящ при кожни раздразнения – обриви, ожулвания, прорезни рани и натъртвания. Лесен за употреба дори когато допирът с кожата е много болезнен, Алое фърст помага при леки порязвания, битови и слънчеви изгаряния. Алое фърст е с балансирано рН и има успокояващо действие дори върху най-чувствителната кожа. Успокоява и при тропически лишеи.\r\n<br/><br/>\r\nАлое фърст може да се пръска и върху косата, за да я защити от вредните ултравиолетови лъчи на слънцето. Използва се във фризьорски салони преди къдрене, за предотвратяване изсушаването на косата в резултат на използваните препарати. В козметичните салони Алое фърст действа особено успокояващо след кола маска.\r\n<br/><br/>\r\nАлое фърст е изключителен продукт, действително ненадминат в класа си.','040','473',4524.00,NULL,'Нанесете обилно върху кожата, за да я успокоите и овлажните.',NULL,'Трябва да присъства във всеки дом.\r\nУспокоява при изгаряния, обриви, ухапвания и ужилвания.\r\nПредпазва косата от слънчевите лъчи и от хлорни увреждания.\r\nЗащитава косата преди къдрене.'),
(8,2,2,'Aloe Ever-Shield Deodorant Stick','Сух алое дезодорант','Дезодорант, който повишава самочувствието ви и запазва усещането за свежест през целия ден. „Алое евършилд“ осигурява ефективна целодневна защита срещу неприятен мирис и може да се нанася веднага след като сте взели душ или сте приключили с кола-маската без да дразни кожата. Продуктът на Форевър Ливинг се възползва максимално от дезодориращите свойства на алоето и го съчетава с други отлични съставки.<br/>\r\nНежната формула със стабилизиран гел от алое вера не съдържа вредни алуминиеви соли, потискащи изпотяването, каквито намираме в много дезодоранти на пазара. Алуминият е токсичен метал. Смята се, че натрупването му в организма уврежда нервната система, а някои учени свързват „претоварването“ с алуминий с болестта на Алцхаймер. Алуминият може да наруши калциевия баланс в организма, поради влиянието си върху дейността на паращитовидната жлеза. Прекалено голямо количество паращитовиден хормон води до високо ниво на калция в кръвта, което се свърза с болки в костите, психиатрични симптоми и запек. Гордеем се, че можем да ви предоставим продукт, при който тези опасности са избегнати, без това да се е отразило на качеството.\r\n<br/><br/>\r\nУдобната форма на дезодоранта позволява нанасяне само там, където желаете. Специалната формула се плъзга гладко и не зацапва дрехите дори след продължителна употреба.','067','92',1660.00,NULL,'Ежедневно нанасяйте сухият алое дезодорант под мишниците и се наслаждавайте на чувство за свежест и чистота през целия ден.',NULL,'Не съдържа алуминиеви соли.\r\nНе оставя петна по дрехите.\r\nМоже да се използва непосредствено след бръснене или депилиране.\r\nУдобната форма на дезодоранта го прави изключително икономичен.'),
(9,1,9,'Forever Alpha-E Factor','Алфа-Е фактор','Алфа-Е фактор е подсилващ кожата агент от Форевър Ливинг Продъктс – рог на изобилието от съставки, даващи нова сила на кожата. Един от продуктите с най-разнообразни приложения, той бе създаден на научна основа за оптимално успокояване и подхранване на кожата. Овлажнява отвътре, като същевременно придава гладкост и младежко излъчване на кожата.<br/>\r\nТечният регенериращ антиоксидант за лице Алфа-Е фактор представлява лека, успокояваща кожата течност, подсилена с витамини А, С и Е, масло от пореч и други отлични съставки за оптимална защита от влиянието на околната среда. По същността си това е антиоксидантна течност, създадена да се бори с последиците, причинявани от свободните радикали (80% от вредите върху нашата кожа се причиняват от тях). Няма съмнение, че антиоксидантите са най-добрите „подмладители“ и Алфа-Е фактор е изключителна комбинация от съставки, които допълват външно антиоксидантното влияние на хранителната ни добавка „А-бета-кеър“. Както при повечето от нашите продукти, основа на Алфа-Е фактор е чистият стабилизиран гел от алое вера, с пълното му благодатно влияние – да овлажнява, подхранва и прониква дълбоко.\r\n<br/><br/>\r\nРазгледайте списъка с активни съставки, уникално съчетани за вас в този продукт на Форевър Ливинг Продъктс.\r\n<br/><br/>\r\nВитамин Е (токоферол ацетат)\r\n„Витамин на кожата“, антиоксидант, който поправя щетите, нанесени от свободните радикали. Омекотява, овлажнява и разгражда тъканта на белезите.\r\n<br/><br/>\r\nВитамин А (ретинил палмитат)\r\nДруг мощен антиоксидант, който подобрява еластичността и същевременно овлажнява и намалява лющенето. С естествените си антибиотични свойства помага в борбата срещу акнето и други често срещани кожни раздразнения.\r\n<br/><br/>\r\nВитамин С (аскорбил палмитат)\r\nТретият агент в нашето трио от антиоксидантни витамини подобрява еластичността. Също така се бори с инфекциите и образуването на белези.\r\n<br/><br/>\r\nЛецитин\r\nОтлично успокоява кожата и подобрява еластичността й.\r\n<br/><br/>\r\nМасло от семена на пореч\r\nОсигурява гамалинолеова киселина (незаменима мастна киселина), която възстановява влажността и е много силна успокояваща съставка.\r\n<br/><br/>\r\nБисаболол\r\nЕтерично масло със същото фармакологично влияние както множество лечебни билки, например лайката. Натурален противовъзпалителен и успокояващ кожата агент. Има лек естествен цитрусов аромат. Подходящ е дори за най-чувствителната кожа.\r\n<br/><br/>\r\nКаприл/каприн триглицерид\r\nЛеко, натурално успокояващо съединение, извлечено от кокосово масло, което овлажнява без да оставя некомфортното усещане за грубо омазняване, присъщо на много масла.\r\n<br/><br/>\r\nМасло от соя\r\nНежен овлажнител с антиоксидантни свойства, който допълва състава на крайния продукт.\r\n<br/><br/>\r\nВсички тези изключителни натурални съставки са съчетани с най-чистите и най-добри овлажнители (привличат водата и задържат влагата вътре в кожата) и емулгатори (позволяват комбиниране на две течности, като например вода и масло).','187','30',7558.00,NULL,'Течният регенериращ антиоксидант за лице Алфа-Е фактор се предлага в малки стъклени шишенца с капкомер. Нанесете няколко капки върху лицето и шията. След това ги втрийте нежно с върха на пръстите.',NULL,'Превъзходна комбинация от мощни антиоксиданти.\r\nПодобрява еластичността на кожата.\r\nНормализира и балансира сухата кожа.\r\nПодходящ и за най-чувствителната кожа.\r\nНамалява лющенето.'),
(10,1,1,'infinite by Forever™','Инфинит от Форевър','Представете си кожата като сочна слива - хидратирана, изпъната и гладка. С напредване на възрастта тя изсъхва все по-бързо и, подложена на фактори като замърсяване и слънце, губи своята еластичност, сияние и плътност.<br/>\r\nМакар да не можем да върнем времето назад, има начин да възстановим баланса на влагата в кожата, да стимулираме здравословните нива на колагена и да намалим появата на фини линии и бръчици, за да заприлича тя отново на прясно откъсната свежа слива.\r\n<br/><br/>\r\nС Инфинит от Форевър създадохме нов начин да се насладите на АЛОЕТО. Експертите ни се спряха на пептиди, натурални минерали, билки, пустинни растения и най-новите открития в науката за кожата, които не просто допълват алоето, а дори увеличават ефикасността и действието му. Не само ще видите разликата, но и ще я усетите.\r\n<br/><br/>\r\ninfinite by Forever™ включва:\r\n<br/><br/>\r\nХидратиращ почистващ лосион\r\nУловихме два ключови компонента от обичан и богат на витамини плод - ябълков екстракт и ябълкови аминокиселини, за да заложим в този почистващ продукт силна защита от признаците на стареенето. Той е нежен и овлажняващ, почиства и омекотява, без да изсушава. Не просто отмива грима и замърсяванията, а и помага на кожата да изглежда по-млада, като същевременно полага стабилна основа за останалите продукти от вашия антиейджинг режим.\r\n<br/><br/>\r\nСтягащ комплекс\r\nПървата ни хранителна добавка за красота, която атакува стареенето отвътре навън. Приемането на двете мънички таблетки всеки ден може да подкрепи множество системи в тялото, както и цялостното ви здраве и вида на вашата кожа. Уникалната формула съдържа патентована комбинация от концентрат от френски пъпеш, фитосерамиди и морски колаген, за да подпомогне борбата със свободните радикали, да намали появата на бръчки и да подобри гъвкавостта, еластичността и овлажняването на кожата.\r\n<br/><br/>\r\nСтягащ серум\r\nДве ефикасни съставки работят заедно с алое вера в този мощен еликсир, за да подобрят еластичността на кожата, да намалят появата на фини линии и бръчици, да успокоят и изгладят структурата й. Многопластовата формула е мечта за учените, изследващи кожата, и е създадена със силата на природата и най-съвременните лабораторни открития, за да ви помага да изглеждате и да се чувствате по най-добрия възможен начин.\r\n<br/><br/>\r\nВъзстановяващ крем\r\nХидратираща съкровищница с над 15 обгрижващи кожата съставки. Нашето алое е синергично подсилено от антиейджинг композиция от етерични масла. Компонентите на възстановяващия крем работят заедно и дават доказани резултати - успокояват кожата и я подхранват с ефикасни средства за забавяне на неумолимия ход на времето.','553','100',40064.00,NULL,NULL,NULL,NULL),
(11,1,1,'infinite by Forever™ firming serum','Стягащ серум','Стягащият серум атакува стареенето отвън навътре с едни от най-модерните открития в науката за кожата!\r\nСтягащият серум допълва и повишава ефикасността на алоето с трифлуорацетил трипептид-2. В клинични изследвания тази съставка значително подобрява еластичността на кожата на потребителите и се бори с прогерина – вреден протеин, който се увеличава с напредване на възрастта и има разрушително действие върху кожните клетки. Като имитира естествените процеси в кожата, пептидът с три аминокиселини я стяга и намалява появата на фини линии и бръчици.\r\n&ltbr/&gt &ltbr/&gt\r\nТази съставка може да е продукт сама по себе си, но ние не спряхме дотук. Съчетахме я с хидролизиран натриев хиалуронат – натурален овлажнител, и други грижещи се за кожата съставки. Стягащият серум е научно разработен така, че алоето да прояви оптимално свойствата си да успокоява и изглажда кожата. Екстрактът от мая допринася за синтеза на колаген и подкрепя естествената защита на кожната тъкан, за да изравни тена, а протеинът от суроватка възобновява кожата, като я изглажда, стяга и вплътнява.\r\n&ltbr/&gt &ltbr/&gt\r\nМногопластовата формула е мечта за учените, изследващи кожата, и е създадена със силата на природата и най-съвременните лабораторни открития, за да ви помага да изглеждате и да се чувствате по най-добрия възможен начин.','555','30',11905.00,NULL,'Натиснете помпичката веднъж и нанесете с бързи, но внимателни плъзгащи движения по цялото лице. За най-добри резултати нанесете количеството от още едно изпомпване върху шията с плъзгащи движения нагоре към брадичката. Използвайте сутрин и вечер след почистване.','ВНИМАНИЕ! Избягвайте пряк контакт с очите! В случай на поява на дразнене, изплакнете обилно с вода. Ако дразненето не изчезне, прекратете употреба и потърсете лекарска помощ.','Съдържа авангардна клинично тествана съставка.\r\nСтяга кожата и намалява появата на фини линии и бръчици.\r\nПодпомага нормалния синтез на колаген и допринася за изравняване на тена.');
/*!40000 ALTER TABLE `product` ENABLE KEYS */;
UNLOCK TABLES;

--
-- Table structure for table `product_category`
--

DROP TABLE IF EXISTS `product_category`;
/*!40101 SET @saved_cs_client     = @@character_set_client */;
/*!40101 SET character_set_client = utf8 */;
CREATE TABLE `product_category` (
  `id` int NOT NULL AUTO_INCREMENT,
  `title` varchar(50) CHARACTER SET utf8mb4 COLLATE utf8mb4_unicode_ci NOT NULL,
  `color` varchar(20) COLLATE utf8mb4_unicode_ci DEFAULT NULL,
  `description` varchar(1000) COLLATE utf8mb4_unicode_ci DEFAULT NULL,
  `external_link` varchar(255) COLLATE utf8mb4_unicode_ci NOT NULL,
  PRIMARY KEY (`id`)
) ENGINE=InnoDB AUTO_INCREMENT=11 DEFAULT CHARSET=utf8mb4 COLLATE=utf8mb4_unicode_ci;
/*!40101 SET character_set_client = @saved_cs_client */;

--
-- Dumping data for table `product_category`
--

LOCK TABLES `product_category` WRITE;
/*!40000 ALTER TABLE `product_category` DISABLE KEYS */;
INSERT INTO `product_category` (`id`, `title`, `color`, `description`, `external_link`) VALUES (1,'Напитки','#ffaa00','Създадените от най-висококачествени съставки напитки и добавки на Форевър, съчетани със здравословна и балансирана храна, са път към чудесно здраве и отлична форма. Основен елемент на продуктите ни е чист, стабилизиран гел от алое вера, извлечен от самата сърцевина на листата. Изобилието от натурални хранителни вещества в него допринася за оптимално здраве и жизненост.',''),
(2,'Добавки и хранене','#90f52c','Най-чистите природни източници на здраве и жизненост ни помагат да изглеждаме и да се чувстваме възможно най-добре. Възползвайте се от най-ефикасните формули и най-висококачествените съставки в хранителните добавки на Форевър.',''),
(3,'Етерични масла','#47a6ff',NULL,'https://www.flp.bg/eo/'),
(4,'Пчелни продукти','#f5d72c','Работливите пчелички са истинско природно съкровище. Те ни даряват не само със сладък, златен мед, но и с цял арсенал от други ценни и активни съставки. Всички натурални пчелни продукти идеално се съчетават с алое вера и играят важна роля в здравословния и балансиран начин на живот.',''),
(5,'Контрол на теглото','#f77cf7','Днес, когато наднорменото тегло все по-често се цитира като основен здравословен проблем, Форевър Ливинг Продъктс създаде програмата за контрол на теглото Форевър Ф.И.Т., която изчиства организма, стяга тялото и ви освобождава от излишните килограми.',''),
(6,'Грижа за лицето','#8cc9ff','Защитата и възстановяването на кожата нямат по-добър съюзник от растението алое вера. Форевър създаде уникална и разнообразна палитра от специална козметика, която действа по естествен начин, като овлажнява кожата и й осигурява основни хранителни вещества и витамини. Нашите продукти хидратират кожата и я защитават от слънце, вятър и бактериални инфекции, като я запазват мека и нежна.',''),
(7,'Грижа за тялото','#b0fa8e','Грижете се за тялото си с любовта и вниманието, които заслужава. Лосионите, кремовете и геловете на Форевър защитават, стимулират и овлажняват кожата. Доверете им се и няма да сбъркате!',''),
(8,'Лична хигиена','#fa6a39','Форевър Ливинг Продъктс съчета полезните свойства на алое вера с най-висококачествени съставки, за да ви предложи широка гама от несравними продукти за лична хигиена.',''),
(9,'Комбинирани пакети','#f7f12a','Тези специално подбрани и съчетани продукти ще ви запознаят с най-доброто, което Форевър Ливинг предлага.',''),
(10,'Козметика \"Соня\"','#d06ffc',NULL,'');
/*!40000 ALTER TABLE `product_category` ENABLE KEYS */;
UNLOCK TABLES;

--
-- Table structure for table `product_image`
--

DROP TABLE IF EXISTS `product_image`;
/*!40101 SET @saved_cs_client     = @@character_set_client */;
/*!40101 SET character_set_client = utf8 */;
CREATE TABLE `product_image` (
  `product_id` int NOT NULL,
  `image_id` int NOT NULL,
  PRIMARY KEY (`product_id`,`image_id`),
  KEY `IDX_64617F034584665A` (`product_id`),
  KEY `IDX_64617F033DA5256D` (`image_id`),
  CONSTRAINT `FK_64617F033DA5256D` FOREIGN KEY (`image_id`) REFERENCES `image` (`id`) ON DELETE CASCADE,
  CONSTRAINT `FK_64617F034584665A` FOREIGN KEY (`product_id`) REFERENCES `product` (`id`) ON DELETE CASCADE
) ENGINE=InnoDB DEFAULT CHARSET=utf8mb4 COLLATE=utf8mb4_unicode_ci;
/*!40101 SET character_set_client = @saved_cs_client */;

--
-- Dumping data for table `product_image`
--

LOCK TABLES `product_image` WRITE;
/*!40000 ALTER TABLE `product_image` DISABLE KEYS */;
INSERT INTO `product_image` (`product_id`, `image_id`) VALUES (1,1),
(1,2),
(2,2),
(2,3),
(2,4),
(3,2),
(3,3),
(3,4),
(3,5),
(4,2),
(5,1),
(5,2),
(5,3),
(6,1),
(6,2),
(6,3),
(6,4),
(7,2),
(7,3),
(7,4),
(8,1),
(8,3),
(8,4),
(9,2),
(9,3),
(9,4),
(10,1),
(10,2),
(10,4),
(11,2),
(11,3),
(11,4);
/*!40000 ALTER TABLE `product_image` ENABLE KEYS */;
UNLOCK TABLES;

--
-- Table structure for table `product_request`
--

DROP TABLE IF EXISTS `product_request`;
/*!40101 SET @saved_cs_client     = @@character_set_client */;
/*!40101 SET character_set_client = utf8 */;
CREATE TABLE `product_request` (
  `id` int NOT NULL AUTO_INCREMENT,
  `client_name` varchar(255) COLLATE utf8mb4_unicode_ci NOT NULL,
  `phone` varchar(25) COLLATE utf8mb4_unicode_ci DEFAULT NULL,
  `email` varchar(255) COLLATE utf8mb4_unicode_ci NOT NULL,
  `message` varchar(500) COLLATE utf8mb4_unicode_ci NOT NULL,
  `product_id` int NOT NULL,
  `created_at` datetime NOT NULL COMMENT '(DC2Type:datetime_immutable)',
  `executed_at` datetime DEFAULT NULL COMMENT '(DC2Type:datetime_immutable)',
  `comment` varchar(500) COLLATE utf8mb4_unicode_ci DEFAULT NULL,
  `count` int DEFAULT NULL,
  `price` decimal(7,2) DEFAULT NULL,
  PRIMARY KEY (`id`)
) ENGINE=InnoDB AUTO_INCREMENT=77 DEFAULT CHARSET=utf8mb4 COLLATE=utf8mb4_unicode_ci;
/*!40101 SET character_set_client = @saved_cs_client */;

--
-- Dumping data for table `product_request`
--

LOCK TABLES `product_request` WRITE;
/*!40000 ALTER TABLE `product_request` DISABLE KEYS */;
INSERT INTO `product_request` (`id`, `client_name`, `phone`, `email`, `message`, `product_id`, `created_at`, `executed_at`, `comment`, `count`, `price`) VALUES (1,'Стефан Чонов','0877787178','schonov@flp.bg','Заявка за \"Гел от алое вера\" 1 брой с код \"71612\".',2,'2023-12-06 05:27:54',NULL,NULL,NULL,NULL),
(2,'Стефан Чонов','0877787178','schonov@flp.bg','Заявка за \"Гел от алое вера\" 1 брой с код \"71612\".',2,'2023-12-06 05:46:09',NULL,NULL,NULL,NULL),
(3,'Стефан Чонов','0877787178','schonov@flp.bg','Заявка за \"Гел от алое вера\" 1 брой с код \"71612\".',2,'2023-12-06 05:48:20',NULL,NULL,NULL,NULL),
(4,'Стефан Чонов','0877787178','stefan.chonov@gmail.com','Заявка за \"Гел от алое вера\" 1 брой с код \"71612\".',2,'2023-12-06 05:51:11',NULL,NULL,NULL,NULL),
(5,'Стефан Чонов','0877787178','stefan.chonov@gmail.com','Заявка за \"Гел от алое вера\" 1 брой с код \"71612\".',2,'2023-12-06 05:51:49',NULL,NULL,NULL,NULL),
(6,'Стефан Чонов','0877787178','schonov@flp.bg','Заявка за \"Гел от алое вера\" 1 брой с код \"71612\".',2,'2023-12-06 05:55:16',NULL,NULL,NULL,NULL),
(7,'Стефан Чонов','0877787178','schonov@flp.bg','Заявка за \"Алое бери нектар\" 1 брой с код \"73512\".',3,'2023-12-06 06:00:04',NULL,NULL,NULL,NULL),
(8,'Стефан Чонов','0877787178','stefan.chonov@gmail.com','Заявка за \"Гел от алое вера\" 1 брой с код \"71612\".',2,'2023-12-06 06:06:53',NULL,NULL,NULL,NULL),
(9,'Стефан Чонов','0877787178','schonov@flp.bg','Заявка за \"Гел от алое вера\" 1 брой с код \"71612\".',2,'2023-12-06 06:08:22',NULL,NULL,NULL,NULL),
(10,'Стефан Чонов','0877787178','schonov@flp.bg','Заявка за \"Гел от алое вера\" 1 брой с код \"71612\".',2,'2023-12-06 06:10:57',NULL,NULL,NULL,NULL),
(11,'Стефан Чонов','0877787178','schonov@flp.bg','Заявка за \"ТриПак - алое напитки\" 1 брой с код \"715\".',1,'2023-12-06 06:13:37',NULL,NULL,NULL,NULL),
(12,'Стефан Чонов','0877787178','schonov@flp.bg','Заявка за \"ТриПак - алое напитки\" 1 брой с код \"715\".',1,'2023-12-06 06:16:08',NULL,NULL,NULL,NULL),
(13,'Стефан Чонов','0877787178','schonov@flp.bg','Заявка за \"ТриПак - алое напитки\" 1 брой с код \"715\".',1,'2023-12-06 06:17:42',NULL,NULL,NULL,NULL),
(14,'Стефан Чонов','0877787178','schonov@flp.bg','Заявка за \"ТриПак - алое напитки\" 1 брой с код \"715\".',1,'2023-12-06 06:20:11',NULL,NULL,NULL,NULL),
(15,'Стефан Чонов','0877787178','schonov@flp.bg','Заявка за \"ТриПак - алое напитки\" 1 брой с код \"715\".',1,'2023-12-06 06:23:03',NULL,NULL,NULL,NULL),
(16,'Стефан Чонов','0877787178','schonov@flp.bg','Заявка за \"Гел от алое вера\" 1 брой с код \"71612\".',2,'2023-12-06 06:32:27',NULL,NULL,NULL,NULL),
(17,'Стефан Чонов','0877787178','schonov@flp.bg','Заявка за \"Гел от алое вера\" 1 брой с код \"71612\".',2,'2023-12-06 06:34:07',NULL,NULL,NULL,NULL),
(18,'Стефан Чонов','0877787178','schonov@flp.bg','Заявка за \"Гел от алое вера\" 1 брой с код \"71612\".',2,'2023-12-06 06:35:02',NULL,NULL,NULL,NULL),
(19,'Стефан Чонов','0877787178','schonov@flp.bg','Заявка за \"Гел от алое вера\" 1 брой с код \"71612\".',2,'2023-12-06 06:44:55',NULL,NULL,NULL,NULL),
(20,'Стефан Чонов','0877787178','schonov@flp.bg','Заявка за \"ТриПак - алое напитки\" 1 брой с код \"715\".',1,'2023-12-06 06:48:49',NULL,NULL,NULL,NULL),
(21,'Стефан Чонов','0877787178','schonov@flp.bg','Заявка за \"Алое бери нектар\" 1 брой с код \"73512\".',3,'2023-12-06 06:49:04',NULL,NULL,NULL,NULL),
(22,'Стефан Чонов','0877787178','stefan.chonov@gmail.com','Заявка за 1 брой \"Гел от алое вера\" с код \"71612\".',2,'2023-12-06 06:52:00',NULL,NULL,NULL,NULL),
(23,'Стефан Чонов','0877787178','schonov@flp.bg','Заявка за 1 брой \"Гел от алое вера\" с код \"71612\".',2,'2023-12-06 10:28:09',NULL,NULL,NULL,NULL),
(24,'Стефан Чонов','0877787178','schonov@flp.bg','Заявка за 1 брой \"ТриПак - алое напитки\" с код \"715\".',1,'2023-12-06 10:32:59',NULL,NULL,NULL,NULL),
(25,'Стефан Чонов','0877787178','schonov@flp.bg','Заявка за 1 брой \"Гел от алое вера\" с код \"71612\".',2,'2023-12-06 10:52:36',NULL,NULL,NULL,NULL),
(26,'Стефан Чонов','0877787178','schonov@flp.bg','Заявка за 1 брой \"Гел от алое вера\" с код \"71612\".',2,'2023-12-06 10:52:48',NULL,NULL,NULL,NULL),
(27,'Стефан Чонов','0877787178','schonov@flp.bg','Заявка за 1 брой \"Гел от алое вера\" с код \"71612\".',2,'2023-12-06 11:04:48',NULL,NULL,NULL,NULL),
(28,'Стефан Чонов','0877787178','schonov@flp.bg','Заявка за 1 брой \"Гел от алое вера\" с код \"71612\".',2,'2023-12-06 11:07:07',NULL,NULL,NULL,NULL),
(29,'Стефан Чонов','0877787178','schonov@flp.bg','Заявка за 1 брой \"Гел от алое вера\" с код \"71612\".',2,'2023-12-06 11:09:03',NULL,NULL,NULL,NULL),
(30,'Стефан Чонов','0877787178','schonov@flp.bg','Заявка за 1 брой \"Гел от алое вера\" с код \"71612\".',2,'2023-12-06 11:09:14',NULL,NULL,NULL,NULL),
(31,'Стефан Чонов','0877787178','schonov@flp.bg','Заявка за 1 брой \"Гел от алое вера\" с код \"71612\".',2,'2023-12-06 11:11:29',NULL,NULL,NULL,NULL),
(32,'Стефан Чонов','0877787178','schonov@flp.bg','Заявка за 1 брой \"Гел от алое вера\" с код \"71612\".',2,'2023-12-06 11:13:20',NULL,NULL,NULL,NULL),
(33,'Стефан Чонов','0877787178','schonov@flp.bg','Заявка за 1 брой \"Гел от алое вера\" с код \"71612\".',2,'2023-12-06 11:13:25',NULL,NULL,NULL,NULL),
(34,'Стефан Чонов','0877787178','schonov@flp.bg','Заявка за 1 брой \"Гел от алое вера\" с код \"71612\".',2,'2023-12-06 11:13:40',NULL,NULL,NULL,NULL),
(35,'Стефан Чонов','0877787178','stefan.chonov@gmail.com','Заявка за 1 брой \"Гел от алое вера\" с код \"71612\".',2,'2023-12-06 11:14:24',NULL,NULL,NULL,NULL),
(36,'Стефан Чонов','0877787178','schonov@flp.bg','Заявка за 1 брой \"Гел от алое вера\" с код \"71612\".',2,'2023-12-06 11:16:51',NULL,NULL,NULL,NULL),
(37,'Стефан Чонов','0877787178','schonov@flp.bg','Заявка за 1 брой \"Гел от алое вера\" с код \"71612\".',2,'2023-12-06 11:16:59',NULL,NULL,NULL,NULL),
(38,'Стефан Чонов','0877787178','schonov@flp.bg','Заявка за 1 брой \"Гел от алое вера\" с код \"71612\".',2,'2023-12-06 11:17:48',NULL,NULL,NULL,NULL),
(39,'Стефан Чонов','0877787178','schonov@flp.bg','Заявка за 1 брой \"Гел от алое вера\" с код \"71612\".',2,'2023-12-06 12:42:24',NULL,NULL,NULL,NULL),
(40,'Стефан Чонов','0877787178','schonov@flp.bg','Заявка за 1 брой \"Алое бери нектар\" с код \"73512\".',3,'2023-12-06 12:44:09',NULL,NULL,NULL,NULL),
(41,'Стефан Чонов','0877787178','schonov@flp.bg','Заявка за 1 брой \"Алое бери нектар\" с код \"73512\".',3,'2023-12-06 12:48:32',NULL,NULL,NULL,NULL),
(42,'Стефан Чонов','0877787178','schonov@flp.bg','Заявка за 1 брой \"Алое бери нектар\" с код \"73512\".',3,'2023-12-06 12:50:18',NULL,NULL,NULL,NULL),
(43,'Стефан Чонов','0877787178','schonov@flp.bg','Заявка за 1 брой \"Алое бери нектар\" с код \"73512\".',3,'2023-12-06 12:51:14',NULL,NULL,NULL,NULL),
(44,'Стефан Чонов','0877787178','schonov@flp.bg','Заявка за 1 брой \"Алое бери нектар\" с код \"73512\".',3,'2023-12-06 12:58:30',NULL,NULL,NULL,NULL),
(45,'Стефан Чонов','0877787178','schonov@flp.bg','Заявка за 1 брой \"Гел от алое вера\" с код \"71612\".',2,'2023-12-06 13:01:31',NULL,NULL,NULL,NULL),
(46,'Стефан Чонов','0877787178','schonov@flp.bg','Заявка за 1 брой \"Гел от алое вера\" с код \"71612\".',2,'2023-12-06 13:01:34',NULL,NULL,NULL,NULL),
(47,'Стефан Чонов','0877787178','schonov@flp.bg','Заявка за 1 брой \"Гел от алое вера\" с код \"71612\".',2,'2023-12-06 13:01:36',NULL,NULL,NULL,NULL),
(48,'Стефан Чонов','0877787178','schonov@flp.bg','Заявка за 1 брой \"Гел от алое вера\" с код \"71612\".',2,'2023-12-06 13:01:37',NULL,NULL,NULL,NULL),
(49,'Стефан Чонов','0877787178','schonov@flp.bg','Заявка за 1 брой \"Гел от алое вера\" с код \"71612\".',2,'2023-12-06 13:01:38',NULL,NULL,NULL,NULL),
(50,'Стефан Чонов','0877787178','schonov@flp.bg','Заявка за 1 брой \"Гел от алое вера\" с код \"71612\".',2,'2023-12-06 13:01:39',NULL,NULL,NULL,NULL),
(51,'Стефан Чонов','0877787178','schonov@flp.bg','Заявка за 1 брой \"Гел от алое вера\" с код \"71612\".',2,'2023-12-06 13:01:39',NULL,NULL,NULL,NULL),
(52,'Стефан Чонов','0877787178','schonov@flp.bg','Заявка за 1 брой \"Гел от алое вера\" с код \"71612\".',2,'2023-12-06 13:01:40',NULL,NULL,NULL,NULL),
(53,'Стефан Чонов','0877787178','schonov@flp.bg','Заявка за 1 брой \"Гел от алое вера\" с код \"71612\".',2,'2023-12-06 13:01:40',NULL,NULL,NULL,NULL),
(54,'Стефан Чонов','0877787178','schonov@flp.bg','Заявка за 1 брой \"Гел от алое вера\" с код \"71612\".',2,'2023-12-06 13:01:40',NULL,NULL,NULL,NULL),
(55,'Стефан Чонов','0877787178','schonov@flp.bg','Заявка за 1 брой \"Гел от алое вера\" с код \"71612\".',2,'2023-12-06 13:01:40',NULL,NULL,NULL,NULL),
(56,'Стефан Чонов','0877787178','schonov@flp.bg','Заявка за 1 брой \"Гел от алое вера\" с код \"71612\".',2,'2023-12-06 13:01:41',NULL,NULL,NULL,NULL),
(57,'Стефан Чонов','0877787178','schonov@flp.bg','Заявка за 1 брой \"Гел от алое вера\" с код \"71612\".',2,'2023-12-06 13:01:45',NULL,NULL,NULL,NULL),
(58,'Стефан Чонов','','schonov@flp.bg','Заявка за 1 брой \"Гел от алое вера\" с код \"71612\".',2,'2023-12-06 13:01:52',NULL,NULL,NULL,NULL),
(59,'Стефан Чонов','0877787178','schonov@flp.bg','Заявка за 1 брой \"Гел от алое вера\" с код \"71612\".',2,'2023-12-06 13:08:33',NULL,NULL,NULL,NULL),
(60,'Стефан Чонов','0877787178','stefan.chonov@gmail.com','Заявка за 1 брой \"Гел от алое вера\" с код \"71612\".',2,'2023-12-06 13:45:39',NULL,NULL,NULL,NULL),
(61,'Стефан Чонов','0877787178','schonov@flp.bg','Заявка за 1 брой \"Гел от алое вера\" с код \"71612\".',2,'2023-12-06 13:47:48',NULL,NULL,NULL,NULL),
(62,'Стефан Чонов','','schonov@flp.bg','Заявка за 1 брой \"Гел от алое вера\" с код \"71612\".',2,'2023-12-06 14:11:37',NULL,NULL,NULL,NULL),
(63,'Стефан Чонов','0877787178','stefan.chonov@gmail.com','Заявка за 1 брой \"Гел от алое вера\" с код \"71612\".',2,'2023-12-06 15:27:22',NULL,NULL,NULL,NULL),
(64,'Стефан Чонов','','schonov@flp.bg','Заявка за 1 брой \"ФАБ енергийна напитка\" с продуктов код \"721\".',4,'2023-12-07 05:06:05',NULL,NULL,NULL,NULL),
(65,'Стефан Чонов','','schonov@flp.bg','Заявка за 1 брой \"ФАБ енергийна напитка\" с продуктов код \"721\".',4,'2023-12-07 05:06:18',NULL,NULL,NULL,NULL),
(66,'Стефан Чонов','0877787178','schonov@flp.bg','Заявка за 1 брой \"Aloe First\" с продуктов код \"040\".',7,'2023-12-07 16:35:01',NULL,NULL,NULL,NULL),
(67,'Стефан Чонов','0877787178','stefan.chonov@gmail.com','Заявка за 1 брой \"Aloe First\" с продуктов код \"040\".',7,'2023-12-07 16:35:16',NULL,NULL,NULL,NULL),
(68,'Стефан Чонов','0877787178','schonov@flp.bg','Заявка за 1 брой \"Aloe Berry Nectar\" с продуктов код \"73512\".',3,'2023-12-07 18:16:10',NULL,NULL,NULL,NULL),
(69,'Стефан Чонов','0877787178','schonov@flp.bg','Заявка за 1 брой \"C9\" с продуктов код \"0000\".',5,'2023-12-07 18:55:42',NULL,NULL,NULL,NULL),
(70,'Стефан Чонов','0877787178','schonov@flp.bg','Заявка за 1 брой \"C9\" с продуктов код \"0000\".',5,'2023-12-07 18:56:20',NULL,NULL,NULL,NULL),
(71,'Стефан Чонов','0877787178','schonov@flp.bg','Заявка за 1 брой \"C9\" с продуктов код \"0000\".',5,'2023-12-07 19:10:33',NULL,NULL,NULL,NULL),
(72,'Стефан Чонов','0877787178','schonov@flp.bg','Заявка за 1 брой \"C9\" с продуктов код \"0000\".',5,'2023-12-07 19:12:44',NULL,NULL,NULL,NULL),
(73,'Стефан Чонов','0877787178','schonov@flp.bg','Заявка за 1 брой \"C9\" с продуктов код \"0000\".',5,'2023-12-07 19:16:51',NULL,NULL,NULL,NULL),
(74,'Стефан Чонов','0877787178','schonov@flp.bg','Заявка за 1 брой \"C9\" с продуктов код \"0000\".',5,'2023-12-07 19:19:41',NULL,NULL,NULL,NULL),
(75,'Стефан Чонов','0877787178','schonov@flp.bg','Заявка за 1 брой \"C9\" с продуктов код \"0000\".',5,'2023-12-07 19:20:21',NULL,NULL,NULL,NULL),
(76,'Стефан Чонов','0877787178','schonov@flp.bg','Заявка за 1 брой \"Aloe Vera Gel\" с продуктов код \"71612\".',2,'2023-12-08 15:23:41',NULL,NULL,NULL,NULL);
/*!40000 ALTER TABLE `product_request` ENABLE KEYS */;
UNLOCK TABLES;

--
-- Table structure for table `user`
--

DROP TABLE IF EXISTS `user`;
/*!40101 SET @saved_cs_client     = @@character_set_client */;
/*!40101 SET character_set_client = utf8 */;
CREATE TABLE `user` (
  `id` int NOT NULL AUTO_INCREMENT,
  `email` varchar(180) CHARACTER SET utf8mb4 COLLATE utf8mb4_unicode_ci NOT NULL,
  `roles` json NOT NULL,
  `password` varchar(255) CHARACTER SET utf8mb4 COLLATE utf8mb4_unicode_ci NOT NULL,
  `username` varchar(255) CHARACTER SET utf8mb4 COLLATE utf8mb4_unicode_ci NOT NULL,
  `created_at` datetime NOT NULL COMMENT '(DC2Type:datetime_immutable)',
  PRIMARY KEY (`id`),
  UNIQUE KEY `UNIQ_8D93D649E7927C74` (`email`)
) ENGINE=InnoDB AUTO_INCREMENT=2 DEFAULT CHARSET=utf8mb4 COLLATE=utf8mb4_unicode_ci;
/*!40101 SET character_set_client = @saved_cs_client */;

--
-- Dumping data for table `user`
--

LOCK TABLES `user` WRITE;
/*!40000 ALTER TABLE `user` DISABLE KEYS */;
INSERT INTO `user` (`id`, `email`, `roles`, `password`, `username`, `created_at`) VALUES (1,'schonov@flp.bg','[\"ROLE_ADMIN\"]','$2y$13$DDV/bBGDuaBo1sx.rPGmf.E2ZFgjgRJ6UHBuzm775ZHOLU09co5Su','schonov','2023-12-05 05:12:26');
/*!40000 ALTER TABLE `user` ENABLE KEYS */;
UNLOCK TABLES;
/*!40103 SET TIME_ZONE=@OLD_TIME_ZONE */;

/*!40101 SET SQL_MODE=@OLD_SQL_MODE */;
/*!40014 SET FOREIGN_KEY_CHECKS=@OLD_FOREIGN_KEY_CHECKS */;
/*!40014 SET UNIQUE_CHECKS=@OLD_UNIQUE_CHECKS */;
/*!40101 SET CHARACTER_SET_CLIENT=@OLD_CHARACTER_SET_CLIENT */;
/*!40101 SET CHARACTER_SET_RESULTS=@OLD_CHARACTER_SET_RESULTS */;
/*!40101 SET COLLATION_CONNECTION=@OLD_COLLATION_CONNECTION */;
/*!40111 SET SQL_NOTES=@OLD_SQL_NOTES */;

-- Dump completed on 2023-12-15 23:05:45
